{"cameraMode":{"drawMode":0,"name":"Shaded","section":"Shading Mode"},"sceneLighting":true,"audioPlay":false,"sceneViewState":{"showFog":true,"showMaterialUpdate":false,"showSkybox":true,"showFlares":true,"showImageEffects":true,"showParticleSystems":true},"in2DMode":false,"pivot":{"x":787.8352661132813,"y":129.26873779296876,"z":0.0},"rotation":{"x":0.011688399128615857,"y":0.015595272183418274,"z":0.00018247390107717365,"w":-0.9998103976249695},"size":325.34326171875,"orthographic":false}