{"cameraMode":{"drawMode":0,"name":"Shaded","section":"Shading Mode"},"sceneLighting":false,"audioPlay":false,"sceneViewState":{"showFog":true,"showMaterialUpdate":false,"showSkybox":true,"showFlares":true,"showImageEffects":true,"showParticleSystems":true},"in2DMode":false,"pivot":{"x":-50.438079833984378,"y":-103.19979858398438,"z":15.489959716796875},"rotation":{"x":-0.20549651980400086,"y":-0.44231829047203066,"z":0.10487761348485947,"w":-0.8666753172874451},"size":679.0180053710938,"orthographic":false}